firstName,lastName,phone,email
Import1,User,+12065551001,import1@test.com
Import2,User,+12065551002,import2@test.com
Import3,User,+12065551003,import3@test.com
Import4,User,+12065551004,import4@test.com
Import5,User,+12065551005,import5@test.com
Import6,User,+12065551006,import6@test.com
Import7,User,+12065551007,import7@test.com
Import8,User,+12065551008,import8@test.com
Import9,User,+12065551009,import9@test.com
Import10,User,+12065551010,import10@test.com
Import11,User,+12065551011,import11@test.com
Import12,User,+12065551012,import12@test.com
Import13,User,+12065551013,import13@test.com
Import14,User,+12065551014,import14@test.com
Import15,User,+12065551015,import15@test.com
Import16,User,+12065551016,import16@test.com
Import17,User,+12065551017,import17@test.com
Import18,User,+12065551018,import18@test.com
Import19,User,+12065551019,import19@test.com
Import20,User,+12065551020,import20@test.com